HN......D_AKT;;
HN......H_AKT;;
HN......LEER;;
HN.1_ES.02PG;;
HN.1_ES.02PG...501010;;
HN.1_ES.02PG...501010.A_MW;;
HN.1_ES.02PG...501010.B_MW;;
HN.1_ES.02PG...501010.E_MW;;
HN.1_ES.02PG...501010.P1_MW;;
HN.1_ES.02PG...501010.Q_MW;;
HN.1_ES.02PG...501010.V_MW;;
HN.1_ES.02PG...501060;;
HN.1_ES.02PG...501060.A_MW;;
HN.1_ES.02PG...501060.B_MW;;
HN.1_ES.02PG...501060.E_MW;;
HN.1_ES.02PG...501060.P1_MW;;
HN.1_ES.02PG...501060.Q_MW;;
HN.1_ES.02PG...501060.R_MW;;
HN.1_ES.02PG...501060.V_MW;;
HN.1_ES.02PG...501110;;
HN.1_ES.02PG...501110.A_MW;;
HN.1_ES.02PG...501110.B_MW;;
HN.1_ES.02PG...501110.E_MW;;
HN.1_ES.02PG...501110.P1_MW;;
HN.1_ES.02PG...501110.Q_MW;;
HN.1_ES.02PG...501110.V_MW;;
HN.1_ES.02PG...501261;;
HN.1_ES.02PG...501261.A_MW;;
HN.1_ES.02PG...501261.B_MW;;
HN.1_ES.02PG...501261.E_MW;;
HN.1_ES.02PG...501261.P1_MW;;
HN.1_ES.02PG...501261.Q_MW;;
HN.1_ES.02PG...501261.V_MW;;
HN.2_NE.01OM;;
HN.2_NE.01OM...400130;;
HN.2_NE.01OM...400130.O_MW;;
HN.2_NE.01OM...410450;;
HN.2_NE.01OM...410450.O_MW;;
HN.2_NE.01OM...410500;;
HN.2_NE.01OM...410500.O_MW;;
HN.2_NE.01OM...410550;;
HN.2_NE.01OM...410550.O_MW;;
HN.2_NE.01OM...410800;;
HN.2_NE.01OM...410800.O_MW;;
HN.2_NE.01OM...410850;;
HN.2_NE.01OM...410850.O_MW;;
HN.2_NE.01OM...411350;;
HN.2_NE.01OM...411350.O_MW;;
HN.2_NE.01OM...411500;;
HN.2_NE.01OM...411500.O_MW;;
HN.2_NE.01OM...412120;;
HN.2_NE.01OM...412120.O_MW;;
HN.2_NE.01OM...412180;;
HN.2_NE.01OM...412180.O_MW;;
HN.2_NE.01OM...412420;;
HN.2_NE.01OM...412420.O_MW;;
HN.2_NE.01OM...413020;;
HN.2_NE.01OM...413020.O_MW;;
HN.2_NE.01OM...413330;;
HN.2_NE.01OM...413330.O_MW;;
HN.2_NE.01OM...415240;;
HN.2_NE.01OM...415240.O_MW;;
HN.2_NE.02PG;;
HN.2_NE.02PG...530020;;
HN.2_NE.02PG...530020.A_MW;;
HN.2_NE.02PG...530020.B_MW;;
HN.2_NE.02PG...530020.E_MW;;
HN.2_NE.02PG...530020.P1_MW;;
HN.2_NE.02PG...530020.Q_MW;;
HN.2_NE.02PG...530020.V_MW;;
HN.2_NE.02PG...550100;;
HN.2_NE.02PG...550100.B_MW;;
HN.2_NE.02PG...550100.E_MW;;
HN.2_NE.02PG...550100.P1_MW;;
HN.2_NE.02PG...550100.Q_MW;;
HN.2_NE.02PG...550100.V_MW;;
HN.2_NE.02PG...550190;;
HN.2_NE.02PG...550190.A_MW;;
HN.2_NE.02PG...550190.B_MW;;
HN.2_NE.02PG...550190.E_MW;;
HN.2_NE.02PG...550190.P1_MW;;
HN.2_NE.02PG...550190.Q_MW;;
HN.2_NE.02PG...550190.V_MW;;
HN.2_NE.02PG...550302;;
HN.2_NE.02PG...550302.A_MW;;
HN.2_NE.02PG...550302.B_MW;;
HN.2_NE.02PG...550302.E_MW;;
HN.2_NE.02PG...550302.P1_MW;;
HN.2_NE.02PG...550302.Q_MW;;
HN.2_NE.02PG...550302.V_MW;;
HN.2_NE.02PG...550390;;
HN.2_NE.02PG...550390.A_MW;;
HN.2_NE.02PG...550390.B_MW;;
HN.2_NE.02PG...550390.E_MW;;
HN.2_NE.02PG...550390.P1_MW;;
HN.2_NE.02PG...550390.Q_MW;;
HN.2_NE.02PG...550390.V_MW;;
HN.2_NE.02PG...550490;;
HN.2_NE.02PG...550490.A_MW;;
HN.2_NE.02PG...550490.B_MW;;
HN.2_NE.02PG...550490.E_MW;;
HN.2_NE.02PG...550490.P1_MW;;
HN.2_NE.02PG...550490.Q_MW;;
HN.2_NE.02PG...550490.V_MW;;
HN.2_NE.02PG...550560;;
HN.2_NE.02PG...550560.A_MW;;
HN.2_NE.02PG...550560.B_MW;;
HN.2_NE.02PG...550560.E_MW;;
HN.2_NE.02PG...550560.P1_MW;;
HN.2_NE.02PG...550560.Q_MW;;
HN.2_NE.02PG...550560.V_MW;;
HN.2_NE.02PG...550620;;
HN.2_NE.02PG...550620.A_MW;;
HN.2_NE.02PG...550620.B_MW;;
HN.2_NE.02PG...550620.E_MW;;
HN.2_NE.02PG...550620.P1_MW;;
HN.2_NE.02PG...550620.Q_MW;;
HN.2_NE.02PG...550620.V_MW;;
HN.2_NE.02PG...550710;;
HN.2_NE.02PG...550710.A_MW;;
HN.2_NE.02PG...550710.B_MW;;
HN.2_NE.02PG...550710.E_MW;;
HN.2_NE.02PG...550710.P1_MW;;
HN.2_NE.02PG...550710.Q_MW;;
HN.2_NE.02PG...550710.V_MW;;
HN.2_NE.02PG...550761;;
HN.2_NE.02PG...550761.A_MW;;
HN.2_NE.02PG...550761.B_MW;;
HN.2_NE.02PG...550761.E_MW;;
HN.2_NE.02PG...550761.P1_MW;;
HN.2_NE.02PG...550761.Q_MW;;
HN.2_NE.02PG...550761.V_MW;;
HN.2_NE.02PG...550762;;
HN.2_NE.02PG...550762.A_MW;;
HN.2_NE.02PG...550762.B_MW;;
HN.2_NE.02PG...550762.E_MW;;
HN.2_NE.02PG...550762.P1_MW;;
HN.2_NE.02PG...550762.Q_MW;;
HN.2_NE.02PG...550762.V_MW;;
HN.2_NE.02PG...550801;;
HN.2_NE.02PG...550801.A_MW;;
HN.2_NE.02PG...550801.B_MW;;
HN.2_NE.02PG...550801.E_MW;;
HN.2_NE.02PG...550801.P1_MW;;
HN.2_NE.02PG...550801.Q_MW;;
HN.2_NE.02PG...550801.V_MW;;
HN.2_NE.02PG...550810;;
HN.2_NE.02PG...550810.A_MW;;
HN.2_NE.02PG...550810.B_MW;;
HN.2_NE.02PG...550810.E_MW;;
HN.2_NE.02PG...550810.P1_MW;;
HN.2_NE.02PG...550810.Q_MW;;
HN.2_NE.02PG...550810.V_MW;;
HN.2_NE.02PG...550902;;
HN.2_NE.02PG...550902.A_MW;;
HN.2_NE.02PG...550902.B_MW;;
HN.2_NE.02PG...550902.E_MW;;
HN.2_NE.02PG...550902.P1_MW;;
HN.2_NE.02PG...550902.Q_MW;;
HN.2_NE.02PG...550902.V_MW;;
HN.2_NE.02PG...550911;;
HN.2_NE.02PG...550911.B_MW;;
HN.2_NE.02PG...550911.E_MW;;
HN.2_NE.02PG...550911.P1_MW;;
HN.2_NE.02PG...550911.Q_MW;;
HN.2_NE.02PG...550911.V_MW;;
HN.2_NE.02PG...550930;;
HN.2_NE.02PG...550930.A_MW;;
HN.2_NE.02PG...550930.B_MW;;
HN.2_NE.02PG...550930.E_MW;;
HN.2_NE.02PG...550930.P1_MW;;
HN.2_NE.02PG...550930.Q_MW;;
HN.2_NE.02PG...550930.V_MW;;
HN.2_NE.02PG...550940;;
HN.2_NE.02PG...550940.A_MW;;
HN.2_NE.02PG...550940.B_MW;;
HN.2_NE.02PG...550940.E_MW;;
HN.2_NE.02PG...550940.P1_MW;;
HN.2_NE.02PG...550940.Q_MW;;
HN.2_NE.02PG...550940.V_MW;;
HN.2_NE.02PG...550961;;
HN.2_NE.02PG...550961.A_MW;;
HN.2_NE.02PG...550961.B_MW;;
HN.2_NE.02PG...550961.E_MW;;
HN.2_NE.02PG...550961.P1_MW;;
HN.2_NE.02PG...550961.Q_MW;;
HN.2_NE.02PG...550961.V_MW;;
HN.2_NE.02PG...551000;;
HN.2_NE.02PG...551000.A_MW;;
HN.2_NE.02PG...551000.B_MW;;
HN.2_NE.02PG...551000.E_MW;;
HN.2_NE.02PG...551000.P1_MW;;
HN.2_NE.02PG...551000.Q_MW;;
HN.2_NE.02PG...551000.V_MW;;
HN.2_NE.02PG...551201;;
HN.2_NE.02PG...551201.A_MW;;
HN.2_NE.02PG...551201.B_MW;;
HN.2_NE.02PG...551201.E_MW;;
HN.2_NE.02PG...551201.P1_MW;;
HN.2_NE.02PG...551201.Q_MW;;
HN.2_NE.02PG...551201.V_MW;;
HN.2_NE.02PG...551250;;
HN.2_NE.02PG...551250.A_MW;;
HN.2_NE.02PG...551250.B_MW;;
HN.2_NE.02PG...551250.E_MW;;
HN.2_NE.02PG...551250.P1_MW;;
HN.2_NE.02PG...551250.Q_MW;;
HN.2_NE.02PG...551250.V_MW;;
HN.2_NE.02PG...551300;;
HN.2_NE.02PG...551300.A_MW;;
HN.2_NE.02PG...551300.B_MW;;
HN.2_NE.02PG...551300.E_MW;;
HN.2_NE.02PG...551300.P1_MW;;
HN.2_NE.02PG...551300.Q_MW;;
HN.2_NE.02PG...551300.V_MW;;
HN.2_NE.02PG...551310;;
HN.2_NE.02PG...551310.A_MW;;
HN.2_NE.02PG...551310.B_MW;;
HN.2_NE.02PG...551310.E_MW;;
HN.2_NE.02PG...551310.P1_MW;;
HN.2_NE.02PG...551310.Q_MW;;
HN.2_NE.02PG...551310.V_MW;;
HN.2_NE.02PG...551320;;
HN.2_NE.02PG...551320.A_MW;;
HN.2_NE.02PG...551320.B_MW;;
HN.2_NE.02PG...551320.E_MW;;
HN.2_NE.02PG...551320.P1_MW;;
HN.2_NE.02PG...551320.Q_MW;;
HN.2_NE.02PG...551320.V_MW;;
HN.2_NE.02PG...551350;;
HN.2_NE.02PG...551350.A_MW;;
HN.2_NE.02PG...551350.B_MW;;
HN.2_NE.02PG...551350.E_MW;;
HN.2_NE.02PG...551350.P1_MW;;
HN.2_NE.02PG...551350.Q_MW;;
HN.2_NE.02PG...551350.V_MW;;
HN.2_NE.02PG...551411;;
HN.2_NE.02PG...551411.A_MW;;
HN.2_NE.02PG...551411.B_MW;;
HN.2_NE.02PG...551411.E_MW;;
HN.2_NE.02PG...551411.P1_MW;;
HN.2_NE.02PG...551411.Q_MW;;
HN.2_NE.02PG...551411.V_MW;;
HN.2_NE.02PG...551420;;
HN.2_NE.02PG...551420.A_MW;;
HN.2_NE.02PG...551420.B_MW;;
HN.2_NE.02PG...551420.E_MW;;
HN.2_NE.02PG...551420.P1_MW;;
HN.2_NE.02PG...551420.Q_MW;;
HN.2_NE.02PG...551420.V_MW;;
HN.2_NE.02PG...551450;;
HN.2_NE.02PG...551450.A_MW;;
HN.2_NE.02PG...551450.B_MW;;
HN.2_NE.02PG...551450.E_MW;;
HN.2_NE.02PG...551450.P1_MW;;
HN.2_NE.02PG...551450.Q_MW;;
HN.2_NE.02PG...551450.V_MW;;
HN.2_NE.02PG...551521;;
HN.2_NE.02PG...551521.A_MW;;
HN.2_NE.02PG...551521.B_MW;;
HN.2_NE.02PG...551521.E_MW;;
HN.2_NE.02PG...551521.P1_MW;;
HN.2_NE.02PG...551521.Q_MW;;
HN.2_NE.02PG...551521.V_MW;;
HN.2_NE.02PG...551600;;
HN.2_NE.02PG...551600.B_MW;;
HN.2_NE.02PG...551600.E_MW;;
HN.2_NE.02PG...551600.P1_MW;;
HN.2_NE.02PG...551600.Q_MW;;
HN.2_NE.02PG...551600.V_MW;;
HN.2_NE.02PG...551801;;
HN.2_NE.02PG...551801.A_MW;;
HN.2_NE.02PG...551801.B_MW;;
HN.2_NE.02PG...551801.E_MW;;
HN.2_NE.02PG...551801.P1_MW;;
HN.2_NE.02PG...551801.Q_MW;;
HN.2_NE.02PG...551801.R_MW;;
HN.2_NE.02PG...551801.V_MW;;
HN.2_NE.02PG...551811;;
HN.2_NE.02PG...551811.A_MW;;
HN.2_NE.02PG...551811.B_MW;;
HN.2_NE.02PG...551811.E_MW;;
HN.2_NE.02PG...551811.P1_MW;;
HN.2_NE.02PG...551811.Q_MW;;
HN.2_NE.02PG...551811.R_MW;;
HN.2_NE.02PG...551811.V_MW;;
HN.2_NE.02PG...552000;;
HN.2_NE.02PG...552000.B_MW;;
HN.2_NE.02PG...552000.E_MW;;
HN.2_NE.02PG...552000.P1_MW;;
HN.2_NE.02PG...552000.Q_MW;;
HN.2_NE.02PG...552000.V_MW;;
HN.2_NE.02PG...552101;;
HN.2_NE.02PG...552101.A_MW;;
HN.2_NE.02PG...552101.B_MW;;
HN.2_NE.02PG...552101.E_MW;;
HN.2_NE.02PG...552101.P1_MW;;
HN.2_NE.02PG...552101.Q_MW;;
HN.2_NE.02PG...552101.V_MW;;
HN.2_NE.02PG...552140;;
HN.2_NE.02PG...552140.A_MW;;
HN.2_NE.02PG...552140.B_MW;;
HN.2_NE.02PG...552140.E_MW;;
HN.2_NE.02PG...552140.P1_MW;;
HN.2_NE.02PG...552140.Q_MW;;
HN.2_NE.02PG...552140.V_MW;;
HN.2_NE.02PG...552190;;
HN.2_NE.02PG...552190.A_MW;;
HN.2_NE.02PG...552190.B_MW;;
HN.2_NE.02PG...552190.E_MW;;
HN.2_NE.02PG...552190.P1_MW;;
HN.2_NE.02PG...552190.Q_MW;;
HN.2_NE.02PG...552190.V_MW;;
HN.2_NE.02PG...552210;;
HN.2_NE.02PG...552210.A_MW;;
HN.2_NE.02PG...552210.B_MWTN;;
HN.2_NE.02PG...552210.E_MWHN;;
HN.2_NE.02PG...552210.P1_MW;;
HN.2_NE.02PG...552210.Q_MW;;
HN.2_NE.02PG...552210.V_MW;;
HN.3_SE.01OM;;
HN.3_SE.01OM...412060;;
HN.3_SE.01OM...412060.O_MW;;
HN.3_SE.01OM...414030;;
HN.3_SE.01OM...414030.O_MW;;
HN.3_SE.01OM...415210;;
HN.3_SE.01OM...415210.O_MW;;
HN.3_SE.01OM...415540;;
HN.3_SE.01OM...415540.O_MW;;
HN.3_SE.02PG;;
HN.3_SE.02PG...553000;;
HN.3_SE.02PG...553000.B_MW;;
HN.3_SE.02PG...553000.E_MW;;
HN.3_SE.02PG...553000.P1_MW;;
HN.3_SE.02PG...553000.Q_MW;;
HN.3_SE.02PG...553000.V_MW;;
HN.3_SE.02PG...553011;;
HN.3_SE.02PG...553011.A_MW;;
HN.3_SE.02PG...553011.B_MW;;
HN.3_SE.02PG...553011.E_MW;;
HN.3_SE.02PG...553011.P1_MW;;
HN.3_SE.02PG...553011.Q_MW;;
HN.3_SE.02PG...553011.V_MW;;
HN.3_SE.02PG...553020;;
HN.3_SE.02PG...553020.A_MW;;
HN.3_SE.02PG...553020.B_MW;;
HN.3_SE.02PG...553020.E_MW;;
HN.3_SE.02PG...553020.P1_MW;;
HN.3_SE.02PG...553020.Q_MW;;
HN.3_SE.02PG...553020.V_MW;;
HN.3_SE.02PG...554100;;
HN.3_SE.02PG...554100.B_MW;;
HN.3_SE.02PG...554100.E_MW;;
HN.3_SE.02PG...554100.P1_MW;;
HN.3_SE.02PG...554100.Q_MW;;
HN.3_SE.02PG...554100.V_MW;;
HN.3_SE.02PG...554211;;
HN.3_SE.02PG...554211.B_MW;;
HN.3_SE.02PG...554211.E_MW;;
HN.3_SE.02PG...554211.P1_MW;;
HN.3_SE.02PG...554211.Q_MW;;
HN.3_SE.02PG...554211.V_MW;;
HN.3_SE.02PG...554220.A_MW;;
HN.3_SE.02PG...554220.B_MW;;
HN.3_SE.02PG...554220.E_MW;;
HN.3_SE.02PG...554220.P1_MW;;
HN.3_SE.02PG...554220.Q_MW;;
HN.3_SE.02PG...554220.V_MW;;
HN.3_SE.02PG...554220HN.1_ES;;
HN.3_SE.02PG...554410;;
HN.3_SE.02PG...554410.B_MW;;
HN.3_SE.02PG...554410.E_MW;;
HN.3_SE.02PG...554410.P1_MW;;
HN.3_SE.02PG...554410.Q_MW;;
HN.3_SE.02PG...554410.V_MW;;
HN.3_SE.02PG...554510;;
HN.3_SE.02PG...554510.A_MW;;
HN.3_SE.02PG...554510.B_MW;;
HN.3_SE.02PG...554510.E_MW;;
HN.3_SE.02PG...554510.P1_MW;;
HN.3_SE.02PG...554510.Q_MW;;
HN.3_SE.02PG...554510.V_MW;;
HN.3_SE.02PG...554520;;
HN.3_SE.02PG...554520.A_MW;;
HN.3_SE.02PG...554520.B_MW;;
HN.3_SE.02PG...554520.E_MW;;
HN.3_SE.02PG...554520.P1_MW;;
HN.3_SE.02PG...554520.Q_MW;;
HN.3_SE.02PG...554520.V_MW;;
HN.3_SE.02PG...554540;;
HN.3_SE.02PG...554540.A_MW;;
HN.3_SE.02PG...554540.B_MW;;
HN.3_SE.02PG...554540.E_MW;;
HN.3_SE.02PG...554540.P1_MW;;
HN.3_SE.02PG...554540.Q_MW;;
HN.3_SE.02PG...554540.V_MW;;
HN.3_SE.02PG...554550;;
HN.3_SE.02PG...554550.A_MW;;
HN.3_SE.02PG...554550.B_MW;;
HN.3_SE.02PG...554550.E_MW;;
HN.3_SE.02PG...554550.P1_MW;;
HN.3_SE.02PG...554550.Q_MW;;
HN.3_SE.02PG...554550.V_MW;;
HN.3_SEHN.4_MUHN.5_WE;;
HN.4_MU.01OM;;
HN.4_MU.01OM...413210;;
HN.4_MU.01OM...413210.O_MW;;
HN.4_MU.01OM...420130;;
HN.4_MU.01OM...420130.O_MW;;
HN.4_MU.01OM...420300;;
HN.4_MU.01OM...420300.O_MW;;
HN.4_MU.01OM...420420;;
HN.4_MU.01OM...420420.O_MW;;
HN.4_MU.01OM...420570;;
HN.4_MU.01OM...420570.O_MW;;
HN.4_MU.01OM...420600;;
HN.4_MU.01OM...420600.O_MW;;
HN.4_MU.01OM...420720;;
HN.4_MU.01OM...420720.O_MW;;
HN.4_MU.01OM...421500;;
HN.4_MU.01OM...421500.O_MW;;
HN.4_MU.01OM...421550;;
HN.4_MU.01OM...421550.O_MW;;
HN.4_MU.01OM...422300;;
HN.4_MU.01OM...422300.O_MW;;
HN.4_MU.01OM...422600;;
HN.4_MU.01OM...422600.O_MW;;
HN.4_MU.01OM...423060;;
HN.4_MU.01OM...423060.O_MW;;
HN.4_MU.01OM...423210;;
HN.4_MU.01OM...423210.O_MW;;
HN.4_MU.01OM...423510;;
HN.4_MU.01OM...423510.O_MW;;
HN.4_MU.01OM...423570;;
HN.4_MU.01OM...423570.O_MW;;
HN.4_MU.01OM...423630;;
HN.4_MU.01OM...423630.O_MW;;
HN.4_MU.01OM...423750;;
HN.4_MU.01OM...423750.O_MW;;
HN.4_MU.01OM...423990;;
HN.4_MU.01OM...423990.O_MW;;
HN.4_MU.01OM...425360;;
HN.4_MU.01OM...425360.O_MW;;
HN.4_MU.02PG...560021;;
HN.4_MU.02PG...560021.A_MW;;
HN.4_MU.02PG...560021.B_MW;;
HN.4_MU.02PG...560021.E_MW;;
HN.4_MU.02PG...560021.P1_MW;;
HN.4_MU.02PG...560021.Q_MW;;
HN.4_MU.02PG...560021.R_MW;;
HN.4_MU.02PG...560021.V_MW;;
HN.4_MU.02PG...560051;;
HN.4_MU.02PG...560051.A_MW;;
HN.4_MU.02PG...560051.B_MW;;
HN.4_MU.02PG...560051.E_MW;;
HN.4_MU.02PG...560051.P1_MW;;
HN.4_MU.02PG...560051.Q_MW;;
HN.4_MU.02PG...560051.R_MW;;
HN.4_MU.02PG...560051.V_MW;;
HN.4_MU.02PG...562010;;
HN.4_MU.02PG...562010.A_MW;;
HN.4_MU.02PG...562010.B_MW;;
HN.4_MU.02PG...562010.E_MW;;
HN.4_MU.02PG...562010.P1_MW;;
HN.4_MU.02PG...562010.Q_MW;;
HN.4_MU.02PG...562010.V_MW;;
HN.4_MU.02PG...562013;;
HN.4_MU.02PG...562013.A_MW;;
HN.4_MU.02PG...562013.B_MW;;
HN.4_MU.02PG...562013.E_MW;;
HN.4_MU.02PG...562013.P1_MW;;
HN.4_MU.02PG...562013.Q_MW;;
HN.4_MU.02PG...562013.V_MW;;
HN.4_MU.02PG...562031;;
HN.4_MU.02PG...562031.A_MW;;
HN.4_MU.02PG...562031.B_MW;;
HN.4_MU.02PG...562031.E_MW;;
HN.4_MU.02PG...562031.P1_MW;;
HN.4_MU.02PG...562031.Q_MW;;
HN.4_MU.02PG...562031.R_MW;;
HN.4_MU.02PG...562031.V_MW;;
HN.4_MU.02PG...562040;;
HN.4_MU.02PG...562040.A_MW;;
HN.4_MU.02PG...562040.B_MW;;
HN.4_MU.02PG...562040.E_MW;;
HN.4_MU.02PG...562040.P1_MW;;
HN.4_MU.02PG...562040.Q_MW;;
HN.4_MU.02PG...562040.V_MW;;
HN.4_MU.02PG...562070;;
HN.4_MU.02PG...562070.A_MW;;
HN.4_MU.02PG...562070.B_MW;;
HN.4_MU.02PG...562070.E_MW;;
HN.4_MU.02PG...562070.P1_MW;;
HN.4_MU.02PG...562070.Q_MW;;
HN.4_MU.02PG...562070.R_MW;;
HN.4_MU.02PG...562070.V_MW;;
HN.4_MU.02PG...562090;;
HN.4_MU.02PG...562090.A_MW;;
HN.4_MU.02PG...562090.B_MW;;
HN.4_MU.02PG...562090.E_MW;;
HN.4_MU.02PG...562090.P1_MW;;
HN.4_MU.02PG...562090.Q_MW;;
HN.4_MU.02PG...562090.R_MW;;
HN.4_MU.02PG...562090.V_MW;;
HN.4_MU.02PG...562115;;
HN.4_MU.02PG...562115.A_MW;;
HN.4_MU.02PG...562115.B_MW;;
HN.4_MU.02PG...562115.E_MW;;
HN.4_MU.02PG...562115.P1_MW;;
HN.4_MU.02PG...562115.Q_MW;;
HN.4_MU.02PG...562115.R_MW;;
HN.4_MU.02PG...562115.V_MW;;
HN.4_MU.02PG...562140;;
HN.4_MU.02PG...562140.A_MW;;
HN.4_MU.02PG...562140.B_MW;;
HN.4_MU.02PG...562140.E_MW;;
HN.4_MU.02PG...562140.P1_MW;;
HN.4_MU.02PG...562140.Q_MW;;
HN.4_MU.02PG...562140.V_MW;;
HN.4_MU.02PG...563750;;
HN.4_MU.02PG...563750.A_MW;;
HN.4_MU.02PG...563750.B_MW;;
HN.4_MU.02PG...563750.E_MW;;
HN.4_MU.02PG...563750.P1_MW;;
HN.4_MU.02PG...563750.Q_MW;;
HN.4_MU.02PG...563750.R_MW;;
HN.4_MU.02PG...563750.V_MW;;
HN.4_MU.02PG...563780;;
HN.4_MU.02PG...563780.A_MW;;
HN.4_MU.02PG...563780.B_MW;;
HN.4_MU.02PG...563780.E_MW;;
HN.4_MU.02PG...563780.P1_MW;;
HN.4_MU.02PG...563780.Q_MW;;
HN.4_MU.02PG...563780.V_MW;;
HN.4_MU.02PG...563790;;
HN.4_MU.02PG...563790.A_MW;;
HN.4_MU.02PG...563790.B_MW;;
HN.4_MU.02PG...563790.E_MW;;
HN.4_MU.02PG...563790.P1_MW;;
HN.4_MU.02PG...563790.Q_MW;;
HN.4_MU.02PG...563790.R_MW;;
HN.4_MU.02PG...563790.V_MW;;
HN.4_MU.02PG...563890;;
HN.4_MU.02PG...563890.B_MW;;
HN.4_MU.02PG...563890.E_MW;;
HN.4_MU.02PG...563890.P1_MW;;
HN.4_MU.02PG...563890.Q_MW;;
HN.4_MU.02PG...563890.V_MW;;
HN.4_MU.02PG...564000;;
HN.4_MU.02PG...564000.A_MW;;
HN.4_MU.02PG...564000.B_MW;;
HN.4_MU.02PG...564000.E_MW;;
HN.4_MU.02PG...564000.P1_MW;;
HN.4_MU.02PG...564000.Q_MW;;
HN.4_MU.02PG...564000.V_MW;;
HN.4_MU.02PG...564100;;
HN.4_MU.02PG...564100.A_MW;;
HN.4_MU.02PG...564100.B_MW;;
HN.4_MU.02PG...564100.E_MW;;
HN.4_MU.02PG...564100.P1_MW;;
HN.4_MU.02PG...564100.Q_MW;;
HN.4_MU.02PG...564100.V_MW;;
HN.4_MU.02PG...564300;;
HN.4_MU.02PG...564300.A_MW;;
HN.4_MU.02PG...564300.B_MW;;
HN.4_MU.02PG...564300.E_MW;;
HN.4_MU.02PG...564300.P1_MW;;
HN.4_MU.02PG...564300.Q_MW;;
HN.4_MU.02PG...564300.V_MW;;
HN.4_MU.02PG...564400;;
HN.4_MU.02PG...564400.A_MW;;
HN.4_MU.02PG...564400.B_MW;;
HN.4_MU.02PG...564400.E_MW;;
HN.4_MU.02PG...564400.P1_MW;;
HN.4_MU.02PG...564400.Q_MW;;
HN.4_MU.02PG...564400.R_MW;;
HN.4_MU.02PG...564400.V_MW;;
HN.4_MU.02PG...564410;;
HN.4_MU.02PG...564410.A_MW;;
HN.4_MU.02PG...564410.B_MW;;
HN.4_MU.02PG...564410.E_MW;;
HN.4_MU.02PG...564410.P1_MW;;
HN.4_MU.02PG...564410.Q_MW;;
HN.4_MU.02PG...564410.V_MW;;
HN.4_MU.02PG...564500;;
HN.4_MU.02PG...564500.A_MW;;
HN.4_MU.02PG...564500.B_MW;;
HN.4_MU.02PG...564500.E_MW;;
HN.4_MU.02PG...564500.P1_MW;;
HN.4_MU.02PG...564500.Q_MW;;
HN.4_MU.02PG...564500.V_MW;;
HN.4_MU.02PG...564505;;
HN.4_MU.02PG...564505.A_MW;;
HN.4_MU.02PG...564505.B_MW;;
HN.4_MU.02PG...564505.E_MW;;
HN.4_MU.02PG...564505.P1_MW;;
HN.4_MU.02PG...564505.Q_MW;;
HN.4_MU.02PG...564505.V_MW;;
HN.4_MU.02PG...564611;;
HN.4_MU.02PG...564611.A_MW;;
HN.4_MU.02PG...564611.B_MW;;
HN.4_MU.02PG...564611.E_MW;;
HN.4_MU.02PG...564611.P1_MW;;
HN.4_MU.02PG...564611.Q_MW;;
HN.4_MU.02PG...564611.V_MW;;
HN.4_MU.02PG...566000;;
HN.4_MU.02PG...566000.A_MW;;
HN.4_MU.02PG...566000.B_MW;;
HN.4_MU.02PG...566000.E_MW;;
HN.4_MU.02PG...566000.P1_MW;;
HN.4_MU.02PG...566000.Q_MW;;
HN.4_MU.02PG...566000.V_MW;;
HN.4_MU.02PG...566005;;
HN.4_MU.02PG...566005.A_MW;;
HN.4_MU.02PG...566005.B_MW;;
HN.4_MU.02PG...566005.E_MW;;
HN.4_MU.02PG...566005.P1_MW;;
HN.4_MU.02PG...566005.Q_MW;;
HN.4_MU.02PG...566005.V_MW;;
HN.4_MU.02PG...566040;;
HN.4_MU.02PG...566040.A_MW;;
HN.4_MU.02PG...566040.B_MW;;
HN.4_MU.02PG...566040.E_MW;;
HN.4_MU.02PG...566040.P1_MW;;
HN.4_MU.02PG...566040.Q_MW;;
HN.4_MU.02PG...566040.V_MW;;
HN.4_MU.02PG...566100;;
HN.4_MU.02PG...566100.A_MW;;
HN.4_MU.02PG...566100.B_MW;;
HN.4_MU.02PG...566100.E_MW;;
HN.4_MU.02PG...566100.P1_MW;;
HN.4_MU.02PG...566100.Q_MW;;
HN.4_MU.02PG...566100.V_MW;;
HN.4_MU.02PG...567200;;
HN.4_MU.02PG...567200.B_MW;;
HN.4_MU.02PG...567200.E_MW;;
HN.4_MU.02PG...567200.P1_MW;;
HN.4_MU.02PG...567200.Q_MW;;
HN.4_MU.02PG...567200.V_MW;;
HN.4_MU.02PG...567221;;
HN.4_MU.02PG...567221.A_MW;;
HN.4_MU.02PG...567221.B_MW;;
HN.4_MU.02PG...567221.E_MW;;
HN.4_MU.02PG...567221.P1_MW;;
HN.4_MU.02PG...567221.Q_MW;;
HN.4_MU.02PG...567221.R_MW;;
HN.4_MU.02PG...567221.V_MW;;
HN.4_MU.02PG...567300;;
HN.4_MU.02PG...567300.A_MW;;
HN.4_MU.02PG...567300.B_MW;;
HN.4_MU.02PG...567300.E_MW;;
HN.4_MU.02PG...567300.P1_MW;;
HN.4_MU.02PG...567300.Q_MW;;
HN.4_MU.02PG...567300.V_MW;;
HN.4_MU.02PG...567310;;
HN.4_MU.02PG...567310.A_MW;;
HN.4_MU.02PG...567310.B_MW;;
HN.4_MU.02PG...567310.E_MW;;
HN.4_MU.02PG...567310.P1_MW;;
HN.4_MU.02PG...567310.Q_MW;;
HN.4_MU.02PG...567310.V_MW;;
HN.4_MU.02PG...567320;;
HN.4_MU.02PG...567320.A_MW;;
HN.4_MU.02PG...567320.B_MW;;
HN.4_MU.02PG...567320.E_MW;;
HN.4_MU.02PG...567320.P1_MW;;
HN.4_MU.02PG...567320.Q_MW;;
HN.4_MU.02PG...567320.V_MW;;
HN.4_MU.02PG...567400;;
HN.4_MU.02PG...567400.A_MW;;
HN.4_MU.02PG...567400.B_MW;;
HN.4_MU.02PG...567400.E_MW;;
HN.4_MU.02PG...567400.P1_MW;;
HN.4_MU.02PG...567400.Q_MW;;
HN.4_MU.02PG...567400.R_MW;;
HN.4_MU.02PG...567400.V_MW;;
HN.4_MU.02PG...567420;;
HN.4_MU.02PG...567420.A_MW;;
HN.4_MU.02PG...567420.B_MW;;
HN.4_MU.02PG...567420.E_MW;;
HN.4_MU.02PG...567420.P1_MW;;
HN.4_MU.02PG...567420.Q_MW;;
HN.4_MU.02PG...567420.R_MW;;
HN.4_MU.02PG...567420.V_MW;;
HN.4_MU.02PG...567435;;
HN.4_MU.02PG...567435.A_MW;;
HN.4_MU.02PG...567435.B_MW;;
HN.4_MU.02PG...567435.E_MW;;
HN.4_MU.02PG...567435.P1_MW;;
HN.4_MU.02PG...567435.Q_MW;;
HN.4_MU.02PG...567435.V_MW;;
HN.4_MU.02PG...567440;;
HN.4_MU.02PG...567440.A_MW;;
HN.4_MU.02PG...567440.B_MW;;
HN.4_MU.02PG...567440.E_MW;;
HN.4_MU.02PG...567440.P1_MW;;
HN.4_MU.02PG...567440.Q_MW;;
HN.4_MU.02PG...567440.V_MW;;
HN.4_MU.02PG...567450;;
HN.4_MU.02PG...567450.A_MW;;
HN.4_MU.02PG...567450.B_MW;;
HN.4_MU.02PG...567450.E_MW;;
HN.4_MU.02PG...567450.P1_MW;;
HN.4_MU.02PG...567450.Q_MW;;
HN.4_MU.02PG...567450.V_MW;;
HN.4_MU.02PG...567470;;
HN.4_MU.02PG...567470.A_MW;;
HN.4_MU.02PG...567470.B_MW;;
HN.4_MU.02PG...567470.E_MW;;
HN.4_MU.02PG...567470.P1_MW;;
HN.4_MU.02PG...567470.Q_MW;;
HN.4_MU.02PG...567470.R_MW;;
HN.4_MU.02PG...567470.V_MW;;
HN.4_MU.02PG...567590;;
HN.4_MU.02PG...567590.A_MW;;
HN.4_MU.02PG...567590.B_MW;;
HN.4_MU.02PG...567590.E_MW;;
HN.4_MU.02PG...567590.P1_MW;;
HN.4_MU.02PG...567590.Q_MW;;
HN.4_MU.02PG...567590.V_MW;;
HN.4_MU.02PG...567700;;
HN.4_MU.02PG...567700.A_MW;;
HN.4_MU.02PG...567700.B_MW;;
HN.4_MU.02PG...567700.E_MW;;
HN.4_MU.02PG...567700.P1_MW;;
HN.4_MU.02PG...567700.Q_MW;;
HN.4_MU.02PG...567700.V_MW;;
HN.4_MU.02PG...567840;;
HN.4_MU.02PG...567840.A_MW;;
HN.4_MU.02PG...567840.B_MW;;
HN.4_MU.02PG...567840.E_MW;;
HN.4_MU.02PG...567840.P1_MW;;
HN.4_MU.02PG...567840.Q_MW;;
HN.4_MU.02PG...567840.V_MW;;
HN.4_MU.02PG...567850;;
HN.4_MU.02PG...567850.A_MW;;
HN.4_MU.02PG...567850.B_MW;;
HN.4_MU.02PG...567850.E_MW;;
HN.4_MU.02PG...567850.P1_MW;;
HN.4_MU.02PG...567850.Q_MW;;
HN.4_MU.02PG...567850.R_MW;;
HN.4_MU.02PG...567850.V_MW;;
HN.4_MU.02PG...567880;;
HN.4_MU.02PG...567880.A_MW;;
HN.4_MU.02PG...567880.B_MW;;
HN.4_MU.02PG...567880.E_MW;;
HN.4_MU.02PG...567880.P1_MW;;
HN.4_MU.02PG...567880.Q_MW;;
HN.4_MU.02PG...567880.V_MW;;
HN.4_MU.02PG...567890;;
HN.4_MU.02PG...567890.A_MW;;
HN.4_MU.02PG...567890.B_MW;;
HN.4_MU.02PG...567890.E_MW;;
HN.4_MU.02PG...567890.P1_MW;;
HN.4_MU.02PG...567890.Q_MW;;
HN.4_MU.02PG...567890.V_MW;;
HN.4_MU.02PG...568101;;
HN.4_MU.02PG...568101.B_MW;;
HN.4_MU.02PG...568101.E_MW;;
HN.4_MU.02PG...568101.P1_MW;;
HN.4_MU.02PG...568101.Q_MW;;
HN.4_MU.02PG...568101.V_MW;;
HN.4_MU.02PG...568130;;
HN.4_MU.02PG...568130.A_MW;;
HN.4_MU.02PG...568130.B_MW;;
HN.4_MU.02PG...568130.E_MW;;
HN.4_MU.02PG...568130.P1_MW;;
HN.4_MU.02PG...568130.Q_MW;;
HN.4_MU.02PG...568130.V_MW;;
HN.4_MU.02PG...568140;;
HN.4_MU.02PG...568140.A_MW;;
HN.4_MU.02PG...568140.B_MW;;
HN.4_MU.02PG...568140.E_MW;;
HN.4_MU.02PG...568140.P1_MW;;
HN.4_MU.02PG...568140.Q_MW;;
HN.4_MU.02PG...568140.R_MW;;
HN.4_MU.02PG...568140.V_MW;;
HN.4_MU.02PG...568150;;
HN.4_MU.02PG...568150.B_MW;;
HN.4_MU.02PG...568150.E_MW;;
HN.4_MU.02PG...568150.P1_MW;;
HN.4_MU.02PG...568150.Q_MW;;
HN.4_MU.02PG...568150.V_MW;;
HN.4_MU.02PG...568160;;
HN.4_MU.02PG...568160.A_MW;;
HN.4_MU.02PG...568160.B_MW;;
HN.4_MU.02PG...568160.E_MW;;
HN.4_MU.02PG...568160.P1_MW;;
HN.4_MU.02PG...568160.Q_MW;;
HN.4_MU.02PG...568160.V_MW;;
HN.4_MU.02PG...568175;;
HN.4_MU.02PG...568175.A_MW;;
HN.4_MU.02PG...568175.B_MW;;
HN.4_MU.02PG...568175.E_MW;;
HN.4_MU.02PG...568175.P1_MW;;
HN.4_MU.02PG...568175.Q_MW;;
HN.4_MU.02PG...568175.V_MW;;
HN.4_MU.02PG...568181;;
HN.4_MU.02PG...568181.B_MW;;
HN.4_MU.02PG...568181.E_MW;;
HN.4_MU.02PG...568181.P1_MW;;
HN.4_MU.02PG...568181.Q_MW;;
HN.4_MU.02PG...568181.V_MW;;
HN.4_MU.02PG...568350;;
HN.4_MU.02PG...568350.A_MW;;
HN.4_MU.02PG...568350.B_MW;;
HN.4_MU.02PG...568350.E_MW;;
HN.4_MU.02PG...568350.P1_MW;;
HN.4_MU.02PG...568350.Q_MW;;
HN.4_MU.02PG...568350.V_MW;;
HN.4_MU.02PG...568400;;
HN.4_MU.02PG...568400.A_MW;;
HN.4_MU.02PG...568400.B_MW;;
HN.4_MU.02PG...568400.E_MW;;
HN.4_MU.02PG...568400.P1_MW;;
HN.4_MU.02PG...568400.Q_MW;;
HN.4_MU.02PG...568400.R_MW;;
HN.4_MU.02PG...568400.V_MW;;
HN.4_MU.02PGHN.7_LN.02PG;;
HN.5_WE.01OM;;
HN.5_WE.01OM...425440;;
HN.5_WE.01OM...425440.O_MW;;
HN.5_WE.01OM...433010;;
HN.5_WE.01OM...433010.O_MW;;
HN.5_WE.01OM...433040;;
HN.5_WE.01OM...433040.O_MW;;
HN.5_WE.01OM...433060;;
HN.5_WE.01OM...433060.O_MW;;
HN.5_WE.01OM...433280;;
HN.5_WE.01OM...433280.O_MW;;
HN.5_WE.01OM...433300;;
HN.5_WE.01OM...433300.O_MW;;
HN.5_WE.01OM...433360;;
HN.5_WE.01OM...433360.O_MW;;
HN.5_WE.01OM...433380;;
HN.5_WE.01OM...433380.O_MW;;
HN.5_WE.01OM...433450;;
HN.5_WE.01OM...433450.O_MW;;
HN.5_WE.01OM...434300;;
HN.5_WE.01OM...434300.O_MW;;
HN.5_WE.01OM...434510;;
HN.5_WE.01OM...434510.O_MW;;
HN.5_WE.01OM...434750;;
HN.5_WE.01OM...434750.O_MW;;
HN.5_WE.01OM...434990;;
HN.5_WE.01OM...434990.O_MW;;
HN.5_WE.01OM...442090;;
HN.5_WE.01OM...442090.O_MW;;
HN.5_WE.02PG...576391;;
HN.5_WE.02PG...576391.A_MW;;
HN.5_WE.02PG...576391.B_MW;;
HN.5_WE.02PG...576391.E_MW;;
HN.5_WE.02PG...576391.P1_MW;;
HN.5_WE.02PG...576391.Q_MW;;
HN.5_WE.02PG...576391.V_MW;;
HN.5_WE.02PG...576400;q_adorf.zml;Adorf
HN.5_WE.02PG...576400.A_MW;;
HN.5_WE.02PG...576400.B_MW;;
HN.5_WE.02PG...576400.E_MW;;
HN.5_WE.02PG...576400.P1_MW;;
HN.5_WE.02PG...576400.Q_MW;;
HN.5_WE.02PG...576400.R_MW;;
HN.5_WE.02PG...576400.V_MW;;
HN.5_WE.02PG...576410;q_oelsnitz.zml;Oelsnitz
HN.5_WE.02PG...576410.A_MW;;
HN.5_WE.02PG...576410.B_MW;;
HN.5_WE.02PG...576410.E_MW;;
HN.5_WE.02PG...576410.P1_MW;;
HN.5_WE.02PG...576410.Q_MW;;
HN.5_WE.02PG...576410.R_MW;;
HN.5_WE.02PG...576410.V_MW;;
HN.5_WE.02PG...576420;;
HN.5_WE.02PG...576420.B_MW;;
HN.5_WE.02PG...576420.E_MW;;
HN.5_WE.02PG...576420.P1_MW;;
HN.5_WE.02PG...576420.Q_MW;;
HN.5_WE.02PG...576420.V_MW;;
HN.5_WE.02PG...576421;q_strassberg.zml;Strassberg
HN.5_WE.02PG...576421.A_MW;;
HN.5_WE.02PG...576421.B_MW;;
HN.5_WE.02PG...576421.E_MW;;
HN.5_WE.02PG...576421.P1_MW;;
HN.5_WE.02PG...576421.Q_MW;;
HN.5_WE.02PG...576421.R_MW;;
HN.5_WE.02PG...576421.V_MW;;
HN.5_WE.02PG...576440;q_elsterberg.zml;Elsterberg
HN.5_WE.02PG...576440.A_MW;;
HN.5_WE.02PG...576440.B_MW;;
HN.5_WE.02PG...576440.E_MW;;
HN.5_WE.02PG...576440.P1_MW;;
HN.5_WE.02PG...576440.Q_MW;;
HN.5_WE.02PG...576440.R_MW;;
HN.5_WE.02PG...576440.V_MW;;
HN.5_WE.02PG...576520;q_gera.zml;Gera-Langenberg
HN.5_WE.02PG...576520.A_MW;;
HN.5_WE.02PG...576520.B_MW;;
HN.5_WE.02PG...576520.E_MW;;
HN.5_WE.02PG...576520.P1_MW;;
HN.5_WE.02PG...576520.Q_MW;;
HN.5_WE.02PG...576520.V_MW;;
HN.5_WE.02PG...576610;;
HN.5_WE.02PG...576610.B_MW;;
HN.5_WE.02PG...576610.E_MW;;
HN.5_WE.02PG...576610.P1_MW;;
HN.5_WE.02PG...576610.Q_MW;;
HN.5_WE.02PG...576610.V_MW;;
HN.5_WE.02PG...576631;q_kleindalzig.zml;Kleindalzig
HN.5_WE.02PG...576631.A_MW;;
HN.5_WE.02PG...576631.B_MW;;
HN.5_WE.02PG...576631.E_MW;;
HN.5_WE.02PG...576631.P1_MW;;
HN.5_WE.02PG...576631.Q_MW;;
HN.5_WE.02PG...576631.R_MW;;
HN.5_WE.02PG...576631.V_MW;;
HN.5_WE.02PG...576900;;
HN.5_WE.02PG...576900.B_MW;;
HN.5_WE.02PG...576900.E_MW;;
HN.5_WE.02PG...576900.P1_MW;;
HN.5_WE.02PG...576900.Q_MW;;
HN.5_WE.02PG...576900.V_MW;;
HN.5_WE.02PG...577120;;
HN.5_WE.02PG...577120.A_MW;;
HN.5_WE.02PG...577120.B_MW;;
HN.5_WE.02PG...577120.E_MW;;
HN.5_WE.02PG...577120.P1_MW;;
HN.5_WE.02PG...577120.Q_MW;;
HN.5_WE.02PG...577120.V_MW;;
HN.5_WE.02PG...577211;;
HN.5_WE.02PG...577211.A_MW;;
HN.5_WE.02PG...577211.B_MW;;
HN.5_WE.02PG...577211.E_MW;;
HN.5_WE.02PG...577211.P1_MW;;
HN.5_WE.02PG...577211.Q_MW;;
HN.5_WE.02PG...577211.V_MW;;
HN.5_WE.02PG...577220;q_mylau.zml;Mylau
HN.5_WE.02PG...577220.A_MW;;
HN.5_WE.02PG...577220.B_MW;;
HN.5_WE.02PG...577220.E_MW;;
HN.5_WE.02PG...577220.P1_MW;;
HN.5_WE.02PG...577220.Q_MW;;
HN.5_WE.02PG...577220.R_MW;;
HN.5_WE.02PG...577220.V_MW;;
HN.5_WE.02PG...577501;q_neukirchen.zml;Neukirchen
HN.5_WE.02PG...577501.A_MW;;
HN.5_WE.02PG...577501.B_MW;;
HN.5_WE.02PG...577501.E_MW;;
HN.5_WE.02PG...577501.P1_MW;;
HN.5_WE.02PG...577501.Q_MW;;
HN.5_WE.02PG...577501.R_MW;;
HN.5_WE.02PG...577501.V_MW;;
HN.5_WE.02PG...577510;q_goessnitz.zml;Goessnitz
HN.5_WE.02PG...577510.B_MW;;
HN.5_WE.02PG...577510.E_MW;;
HN.5_WE.02PG...577510.P1_MW;;
HN.5_WE.02PG...577510.Q_MW;;
HN.5_WE.02PG...577510.V_MW;;
HN.5_WE.02PG...577571;q_boehlen.zml;Boehlen
HN.5_WE.02PG...577571.A_MW;;
HN.5_WE.02PG...577571.B_MW;;
HN.5_WE.02PG...577571.E_MW;;
HN.5_WE.02PG...577571.P1_MW;;
HN.5_WE.02PG...577571.Q_MW;;
HN.5_WE.02PG...577571.R_MW;;
HN.5_WE.02PG...577571.V_MW;;
HN.5_WE.02PG...577800;;
HN.5_WE.02PG...577800.B_MW;;
HN.5_WE.02PG...577800.E_MW;;
HN.5_WE.02PG...577800.P1_MW;;
HN.5_WE.02PG...577800.Q_MW;;
HN.5_WE.02PG...577800.V_MW;;
HN.5_WE.02PG...577901;;
HN.5_WE.02PG...577901.A_MW;;
HN.5_WE.02PG...577901.B_MW;;
HN.5_WE.02PG...577901.E_MW;;
HN.5_WE.02PG...577901.P1_MW;;
HN.5_WE.02PG...577901.Q_MW;;
HN.5_WE.02PG...577901.R_MW;;
HN.5_WE.02PG...577901.V_MW;;
HN.5_WE.02PG...578110;q_leipzig-thekla.zml;Leipzig-Thekla
HN.5_WE.02PG...578110.A_MW;;
HN.5_WE.02PG...578110.B_MW;;
HN.5_WE.02PG...578110.E_MW;;
HN.5_WE.02PG...578110.P1_MW;;
HN.5_WE.02PG...578110.Q_MW;;
HN.5_WE.02PG...578110.R_MW;;
HN.5_WE.02PG...578110.V_MW;;
HN.6_SP.01OM;;
HN.6_SP.01OM...462080;;
HN.6_SP.01OM...462080.O_MW;;
HN.6_SP.01OM...462180;;
HN.6_SP.01OM...462180.O_MW;;
HN.6_SP.01OM...462480;;
HN.6_SP.01OM...462480.O_MW;;
HN.6_SP.01OM...462600;;
HN.6_SP.01OM...462600.O_MW;;
HN.6_SP.02PG...582000;;
HN.6_SP.02PG...582000.B_MW;;
HN.6_SP.02PG...582000.E_MW;;
HN.6_SP.02PG...582000.P1_MW;;
HN.6_SP.02PG...582000.Q_MW;;
HN.6_SP.02PG...582000.V_MW;;
HN.6_SP.02PG...582010;W_SCHIRG.zml;Schirgiswalde
HN.6_SP.02PG...582010.A_MW;;
HN.6_SP.02PG...582010.B_MW;;
HN.6_SP.02PG...582010.E_MW;;
HN.6_SP.02PG...582010.P1_MW;W_SCHIRG_Prognose.zml;
HN.6_SP.02PG...582010.Q_MW;;
HN.6_SP.02PG...582010.V_MW;;
HN.6_SP.02PG...582030;W_BAUTZWB.zml;Bautzen WB
HN.6_SP.02PG...582030.A_MW;;
HN.6_SP.02PG...582030.B_MW;;
HN.6_SP.02PG...582030.E_MW;;
HN.6_SP.02PG...582030.P1_MW;W_BAUTZWB_Prognose.zml;
HN.6_SP.02PG...582030.Q_MW;;
HN.6_SP.02PG...582030.V_MW;;
HN.6_SP.02PG...582032;QV_TSBAUTZ.zml;Bautzen UP1 (TS Bautzen)
HN.6_SP.02PG...582032.B_MW;;
HN.6_SP.02PG...582032.E_MW;;
HN.6_SP.02PG...582032.P1_MW;;
HN.6_SP.02PG...582032.Q_MW;;
HN.6_SP.02PG...582032.V_MW;;
HN.6_SP.02PG...582060;W_LIESKE.zml;Lieske
HN.6_SP.02PG...582060.A_MW;;
HN.6_SP.02PG...582060.B_MW;;
HN.6_SP.02PG...582060.E_MW;;
HN.6_SP.02PG...582060.P1_MW;W_LIESKE_Prognose.zml;
HN.6_SP.02PG...582060.Q_MW;;
HN.6_SP.02PG...582060.V_MW;;
HN.6_SP.02PG...582080;W_SPREY.zml;Sprey
HN.6_SP.02PG...582080.A_MW;;
HN.6_SP.02PG...582080.B_MW;;
HN.6_SP.02PG...582080.E_MW;;
HN.6_SP.02PG...582080.P1_MW;W_SPREY_Prognose.zml;
HN.6_SP.02PG...582080.Q_MW;;
HN.6_SP.02PG...582080.V_MW;;
HN.6_SP.02PG...582090;W_SPREMB.zml;Spremberg
HN.6_SP.02PG...582090.A_MW;;
HN.6_SP.02PG...582090.B_MW;;
HN.6_SP.02PG...582090.E_MW;;
HN.6_SP.02PG...582090.P1_MW;W_SPREMB_Prognose.zml;
HN.6_SP.02PG...582090.Q_MW;;
HN.6_SP.02PG...582090.V_MW;;
HN.6_SP.02PG...582820;W_SPWITZ.zml;Spreewitz
HN.6_SP.02PG...582820.A_MW;;
HN.6_SP.02PG...582820.B_MW;;
HN.6_SP.02PG...582820.E_MW;;
HN.6_SP.02PG...582820.P1_MW;W_SPWITZ_Prognose.zml;
HN.6_SP.02PG...582820.Q_MW;;
HN.6_SP.02PG...582820.V_MW;;
HN.6_SP.02PG...583090;;
HN.6_SP.02PG...583090.A_MW;;
HN.6_SP.02PG...583090.B_MW;;
HN.6_SP.02PG...583090.E_MW;;
HN.6_SP.02PG...583090.P1_MW;;
HN.6_SP.02PG...583090.Q_MW;;
HN.6_SP.02PG...583090.V_MW;;
HN.6_SP.02PG...583121;W_GROEDI.zml;Gröditz 1
HN.6_SP.02PG...583121.A_MW;;
HN.6_SP.02PG...583121.B_MW;;
HN.6_SP.02PG...583121.E_MW;;
HN.6_SP.02PG...583121.P1_MW;W_GROEDI_Prognose.zml;
HN.6_SP.02PG...583121.Q_MW;;
HN.6_SP.02PG...583121.V_MW;;
HN.6_SP.02PG...583170;;
HN.6_SP.02PG...583170.A_MW;;
HN.6_SP.02PG...583170.B_MW;;
HN.6_SP.02PG...583170.E_MW;;
HN.6_SP.02PG...583170.P1_MW;;
HN.6_SP.02PG...583170.Q_MW;;
HN.6_SP.02PG...583170.V_MW;;
HN.6_SP.02PG...583180;;
HN.6_SP.02PG...583180.B_MW;;
HN.6_SP.02PG...583180.E_MW;;
HN.6_SP.02PG...583180.P1_MW;;
HN.6_SP.02PG...583180.Q_MW;;
HN.6_SP.02PG...583180.V_MW;;
HN.6_SP.02PG...583200;W_BOXBRG.zml;Boxberg
HN.6_SP.02PG...583200.A_MW;;
HN.6_SP.02PG...583200.B_MW;;
HN.6_SP.02PG...583200.E_MW;;
HN.6_SP.02PG...583200.P1_MW;W_BOXBRG_Prognose.zml;
HN.6_SP.02PG...583200.Q_MW;;
HN.6_SP.02PG...583200.V_MW;;
HN.6_SP.02PG...583240;;
HN.6_SP.02PG...583240.A_MW;;
HN.6_SP.02PG...583240.B_MW;;
HN.6_SP.02PG...583240.E_MW;;
HN.6_SP.02PG...583240.P1_MW;;
HN.6_SP.02PG...583240.Q_MW;;
HN.6_SP.02PG...583240.V_MW;;
HN.6_SP.02PG...583250;W_JAENKD.zml;Jänkendorf
HN.6_SP.02PG...583250.A_MW;;
HN.6_SP.02PG...583250.B_MW;;
HN.6_SP.02PG...583250.E_MW;;
HN.6_SP.02PG...583250.P1_MW;W_JAENKD_Prognose.zml;
HN.6_SP.02PG...583250.Q_MW;;
HN.6_SP.02PG...583250.V_MW;;
HN.6_SP.02PG...583271;QV_TSQUITZ.zml;Sproitz (TS Quitzdorf)
HN.6_SP.02PG...583271.B_MW;;
HN.6_SP.02PG...583271.E_MW;;
HN.6_SP.02PG...583271.P1_MW;;
HN.6_SP.02PG...583271.Q_MW;;
HN.6_SP.02PG...583271.V_MW;;
HN.6_SP.02PG...583280;;
HN.6_SP.02PG...583280.A_MW;;
HN.6_SP.02PG...583280.B_MW;;
HN.6_SP.02PG...583280.E_MW;;
HN.6_SP.02PG...583280.P1_MW;;
HN.6_SP.02PG...583280.Q_MW;;
HN.6_SP.02PG...583280.V_MW;;
HN.6_SP.02PG...583290;W_SAERI.zml;Särichen
HN.6_SP.02PG...583290.A_MW;;
HN.6_SP.02PG...583290.B_MW;;
HN.6_SP.02PG...583290.E_MW;;
HN.6_SP.02PG...583290.P1_MW;W_SAERI_Prognose.zml;
HN.6_SP.02PG...583290.Q_MW;;
HN.6_SP.02PG...583290.V_MW;;
HN.6_SP.02PGHN.5_WE.02PG;;
HN.6_SPHN.7_LN;;
HN.7_LN.01OM;;
HN.7_LN.01OM...111070;;
HN.7_LN.01OM...111070.O_MW;;
HN.7_LN.01OM...112200;;
HN.7_LN.01OM...112200.O_MW;;
HN.7_LN.01OM...114050;;
HN.7_LN.01OM...114050.O_MW;;
HN.7_LN.01OM...114150;;
HN.7_LN.01OM...114150.O_MW;;
HN.7_LN.01OM...462330;;
HN.7_LN.01OM...462330.O_MW;;
HN.7_LN.02PG...660100;;
HN.7_LN.02PG...660100.A_MW;;
HN.7_LN.02PG...660100.B_MW;;
HN.7_LN.02PG...660100.E_MW;;
HN.7_LN.02PG...660100.P1_MW;;
HN.7_LN.02PG...660100.Q_MW;;
HN.7_LN.02PG...660100.V_MW;;
HN.7_LN.02PG...660160;;
HN.7_LN.02PG...660160.A_MW;;
HN.7_LN.02PG...660160.B_MW;;
HN.7_LN.02PG...660160.E_MW;;
HN.7_LN.02PG...660160.P1_MW;;
HN.7_LN.02PG...660160.Q_MW;;
HN.7_LN.02PG...660160.V_MW;;
HN.7_LN.02PG...660192;;
HN.7_LN.02PG...660192.A_MW;;
HN.7_LN.02PG...660192.B_MW;;
HN.7_LN.02PG...660192.E_MW;;
HN.7_LN.02PG...660192.P1_MW;;
HN.7_LN.02PG...660192.Q_MW;;
HN.7_LN.02PG...660192.V_MW;;
HN.7_LN.02PG...662001;;
HN.7_LN.02PG...662001.A_MW;;
HN.7_LN.02PG...662001.B_MW;;
HN.7_LN.02PG...662001.E_MW;;
HN.7_LN.02PG...662001.P1_MW;;
HN.7_LN.02PG...662001.Q_MW;;
HN.7_LN.02PG...662001.V_MW;;
HN.7_LN.02PG...662011.A_MW;;
HN.7_LN.02PG...662011.B_MW;;
HN.7_LN.02PG...662011.E_MW;;
HN.7_LN.02PG...662011.P1_MW;;
HN.7_LN.02PG...662011.Q_MW;;
HN.7_LN.02PG...662011.V_MW;;
HN.7_LN.02PG...662011TN.PSI;;
HN.7_LN.02PG...662021;;
HN.7_LN.02PG...662021.A_MW;;
HN.7_LN.02PG...662021.B_MW;;
HN.7_LN.02PG...662021.E_MW;;
HN.7_LN.02PG...662021.P1_MW;;
HN.7_LN.02PG...662021.Q_MW;;
HN.7_LN.02PG...662021.V_MW;;
HN.7_LN.02PG...662096;;
HN.7_LN.02PG...662096.A_MW;;
HN.7_LN.02PG...662096.B_MW;;
HN.7_LN.02PG...662096.E_MW;;
HN.7_LN.02PG...662096.P1_MW;;
HN.7_LN.02PG...662096.Q_MW;;
HN.7_LN.02PG...662096.V_MW;;
HN.7_LN.02PG...663000;;
HN.7_LN.02PG...663000.B_MW;;
HN.7_LN.02PG...663000.E_MW;;
HN.7_LN.02PG...663000.P1_MW;;
HN.7_LN.02PG...663000.Q_MW;;
HN.7_LN.02PG...663000.V_MW;;
HN.7_LN.02PG...663090;;
HN.7_LN.02PG...663090.A_MW;;
HN.7_LN.02PG...663090.B_MW;;
HN.7_LN.02PG...663090.E_MW;;
HN.7_LN.02PG...663090.P1_MW;;
HN.7_LN.02PG...663090.Q_MW;;
HN.7_LN.02PG...663090.V_MW;;
